username,date,tip
yash23,2025-08-04T07:51:33.240Z,
yash23,2025-08-04T07:51:33.240Z,Tip 1:  Journal specifically about one person you met today.  Describe what you learned about them and what you found interesting.  This will help solidify the positive memories and allow you to process the many new connections you've made.
yash23,2025-08-04T07:51:33.240Z,
xyz,2025-08-04T09:30:49.863Z,"Share your success!  Tell a friend, family member, or teacher about your accomplishment. Sharing your joy amplifies it."
xyz,2025-08-04T09:30:49.863Z,Celebrate your achievement! Treat yourself to something you enjoy as a reward for your hard work.
xyz,2025-08-04T09:30:49.863Z,Reflect on your study strategies. What worked well that led to this high grade?  Use this knowledge to prepare for future exams.
xyz,2025-08-04T09:31:01.774Z,Celebrate your achievement!  Treat yourself to something you enjoy to mark this success.
xyz,2025-08-04T09:31:01.774Z,Reflect on your study habits and what contributed to this high grade.  Identify strategies that worked well to maintain for future success.
xyz,2025-08-04T09:31:01.774Z,"Set new, achievable academic goals for the next semester, building on this positive momentum."
xyz,2025-08-04T09:42:23.530Z,Plan another get-together soon to maintain this positive connection and anticipation.
xyz,2025-08-04T09:42:23.530Z,Reflect on specific moments that brought you joy during the meetup and write them down. This can help reinforce positive memories.
xyz,2025-08-04T09:42:23.530Z,"Listen to ""Walking on Sunshine"" by Katrina & The Waves. The upbeat tempo and lyrics should help prolong the feeling of joy from the reunion."
yash,2025-08-04T10:07:15.768Z,
yash,2025-08-04T10:07:15.768Z,"Tip 1: Acknowledge and celebrate your accomplishment by treating yourself to something you enjoy, like a special meal or a relaxing activity."
yash,2025-08-04T10:07:15.768Z,Tip 2: Reflect on specific skills or knowledge you gained during the internship and identify ways to further develop them. Consider online courses or personal projects.
yash,2025-08-04T10:09:33.964Z,Practice positive self-talk. Remind yourself of your strengths and the skills you've used to complete the project. Focus on what you've accomplished rather than dwelling on potential negative outcomes.
yash,2025-08-04T10:09:33.964Z,"Prepare for feedback, but don't assume the worst. Anticipate potential areas where your mentor might provide suggestions, and brainstorm how you might address them. This proactive approach can reduce anxiety related to the unknown."
yash,2025-08-04T10:09:33.964Z,"Listen to calming music to reduce stress. Try listening to ""Weightless"" by Marconi Union. It's scientifically designed to lower anxiety."
yash,2025-08-05T06:11:32.573Z,Acknowledge and celebrate your accomplishment! Take some time to recognize the hard work you put into the project.
yash,2025-08-05T06:11:32.573Z,"Listen to ""Good Day"" by Nappy Roots. This will help solidify your positive feelings."
yash,2025-08-05T06:11:32.573Z,Visualize a positive outcome with your mentor's review. Imagine him giving constructive and encouraging feedback to further boost your confidence.
yash,2025-08-05T07:22:18.182Z,"Since this is a test, make a list of everything you want to test and tick them off as you go to ensure you've covered all your bases."
yash,2025-08-05T07:22:18.182Z,Reflect on why this project is important to you. Identifying the underlying motivations can create excitement and further engagement.
yash,2025-08-05T07:22:18.182Z,"To create a more energized atmosphere, listen to an upbeat instrumental track like ""Happy Upbeat Ukulele Background Music"" by Dmitriy Sevostyanov to fuel creativity and enthusiasm during the testing process."
yash,2025-08-05T09:39:07.681Z,"Analysis: The user seems to be in a positive and content state of mind, likely reminiscing about a pleasant experience with friends. The simple declaration of ""a very fun day"" suggests a feeling of satisfaction and enjoyment."
yash,2025-08-05T09:39:07.681Z,
yash,2025-08-05T09:39:07.681Z,"Tip 1: Relive the moment: Spend a few minutes recalling specific details of the day - the sights, sounds, smells, and conversations. This can help prolong the positive feelings."
yash,2025-08-05T09:42:54.212Z,"Try writing freely without censoring yourself, even if it seems nonsensical at first. Sometimes, the act of writing can unlock deeper emotions."
yash,2025-08-05T09:42:54.212Z,"Consider exploring different creative outlets like drawing, painting, or playing an instrument. They may provide a different way to express emotions that words can't capture."
yash,2025-08-05T09:42:54.212Z,"Listen to instrumental music that evokes different moods. I recommend ""Weightless"" by Marconi Union, which is known for its calming and anxiety-reducing properties. It might help create a space for more open reflection."
